{"loss": [1.8931304216384888, 1.714873194694519, 1.6260675191879272, 1.5696959495544434, 1.517684817314148, 1.4911693334579468, 1.4563982486724854, 1.4156572818756104, 1.3896592855453491, 1.3540630340576172, 1.326032280921936, 1.2888290882110596, 1.2535086870193481, 1.22202730178833, 1.1894772052764893, 1.151078462600708, 1.111933946609497, 1.0721205472946167, 1.0362600088119507], "accuracy": [0.30912500619888306, 0.381074994802475, 0.4124000072479248, 0.4332500100135803, 0.4551999866962433, 0.46287500858306885, 0.47554999589920044, 0.4897249937057495, 0.4965499937534332, 0.5118499994277954, 0.5205000042915344, 0.5345749855041504, 0.546875, 0.5530250072479248, 0.5696499943733215, 0.581974983215332, 0.5928000211715698, 0.6098750233650208, 0.6213250160217285], "val_loss": [1.7672886848449707, 1.6467342376708984, 1.6441402435302734, 1.5828293561935425, 1.5443440675735474, 1.5634244680404663, 1.519895076751709, 1.543188452720642, 1.4877737760543823, 1.503877878189087, 1.5011829137802124, 1.5589678287506104, 1.5315455198287964, 1.5607577562332153, 1.65278160572052, 1.6277027130126953, 1.6516060829162598, 1.7016130685806274, 1.7212544679641724], "val_accuracy": [0.36000001430511475, 0.41040000319480896, 0.4066999852657318, 0.43639999628067017, 0.4526999890804291, 0.44339999556541443, 0.4611999988555908, 0.4544000029563904, 0.476500004529953, 0.4731000065803528, 0.4742000102996826, 0.46480000019073486, 0.4790000021457672, 0.4781999886035919, 0.4535999894142151, 0.4618000090122223, 0.4627000093460083, 0.4668999910354614, 0.4648999869823456]}