{"loss": [1.646710991859436, 1.261722207069397, 1.0966728925704956, 0.985733687877655, 0.8955641388893127, 0.8208165764808655, 0.7562198638916016, 0.7019384503364563, 0.6510332226753235, 0.6044836044311523, 0.558961033821106, 0.5242000818252563, 0.48755326867103577, 0.46174681186676025, 0.4351900815963745, 0.41323885321617126, 0.3961639106273651, 0.37447160482406616, 0.36253228783607483], "accuracy": [0.3882249891757965, 0.5504249930381775, 0.6148250102996826, 0.6577249765396118, 0.6897749900817871, 0.7151250243186951, 0.7350500226020813, 0.7580500245094299, 0.7752500176429749, 0.7917500138282776, 0.8068249821662903, 0.8170999884605408, 0.8325250148773193, 0.840624988079071, 0.8512499928474426, 0.8575000166893005, 0.8653249740600586, 0.8726000189781189, 0.8773000240325928], "val_loss": [1.2607450485229492, 1.103920578956604, 0.9850420951843262, 0.9535869359970093, 0.9412674903869629, 0.879416823387146, 0.8580967783927917, 0.8630843758583069, 0.8491963744163513, 0.8962385058403015, 0.8873293995857239, 0.8704659938812256, 0.87668776512146, 0.9203225374221802, 0.9249432682991028, 0.952894926071167, 0.9802011847496033, 0.9542363286018372, 0.9501076340675354], "val_accuracy": [0.5539000034332275, 0.6140000224113464, 0.6565999984741211, 0.6696000099182129, 0.6782000064849854, 0.6973000168800354, 0.7024000287055969, 0.7073000073432922, 0.7103999853134155, 0.7044000029563904, 0.7149999737739563, 0.7103000283241272, 0.7146000266075134, 0.7134000062942505, 0.7121000289916992, 0.7132999897003174, 0.6991000175476074, 0.7196999788284302, 0.718999981880188]}