{"loss": [1.692928671836853, 1.2515201568603516, 1.0680279731750488, 0.937812864780426, 0.8418759703636169, 0.7703553438186646, 0.7032490968704224, 0.6516121029853821, 0.6058408617973328, 0.5655055642127991, 0.5176604390144348, 0.49751341342926025, 0.45157426595687866, 0.43180033564567566, 0.4083026349544525, 0.38254567980766296, 0.35969996452331543, 0.3499937653541565], "accuracy": [0.36465001106262207, 0.5511000156402588, 0.6230999827384949, 0.6733250021934509, 0.7091749906539917, 0.7332749962806702, 0.7575500011444092, 0.7766500115394592, 0.7929999828338623, 0.8060500025749207, 0.822950005531311, 0.8290249705314636, 0.8445749878883362, 0.8528249859809875, 0.8607249855995178, 0.8697749972343445, 0.8791499733924866, 0.8806750178337097], "val_loss": [1.3251538276672363, 1.071285367012024, 0.9444870948791504, 0.8815732598304749, 0.9000594019889832, 0.849463701248169, 0.843998908996582, 0.7874919176101685, 0.8060301542282104, 0.8436689376831055, 0.8079464435577393, 0.8180943131446838, 0.8565002679824829, 0.8727811574935913, 0.8614353537559509, 0.87284255027771, 0.9073778390884399, 0.8428985476493835], "val_accuracy": [0.5102999806404114, 0.6190999746322632, 0.6707000136375427, 0.6933000087738037, 0.6916999816894531, 0.7032999992370605, 0.7179999947547913, 0.7335000038146973, 0.73089998960495, 0.7213000059127808, 0.7364000082015991, 0.7312999963760376, 0.7283999919891357, 0.7307000160217285, 0.7384999990463257, 0.734000027179718, 0.742900013923645, 0.7387999892234802]}