{"loss": [1.6382685899734497, 1.2576011419296265, 1.0960453748703003, 0.9881524443626404, 0.9023223519325256, 0.831595778465271, 0.773202657699585, 0.721030592918396, 0.6673111915588379, 0.6296166777610779, 0.5778282284736633, 0.5484733581542969, 0.5193326473236084, 0.49234434962272644, 0.46901294589042664, 0.444491446018219], "accuracy": [0.38964998722076416, 0.5508249998092651, 0.6146000027656555, 0.6551250219345093, 0.6848000288009644, 0.7094249725341797, 0.7279250025749207, 0.7482249736785889, 0.7690749764442444, 0.7823749780654907, 0.7985249757766724, 0.8074250221252441, 0.822475016117096, 0.8288249969482422, 0.8378999829292297, 0.8458499908447266], "val_loss": [1.240919828414917, 1.0946999788284302, 0.9787237048149109, 0.9643734097480774, 0.9366375207901001, 0.8730853796005249, 0.8919760584831238, 0.8833014369010925, 0.8995649218559265, 0.8749207854270935, 0.8906576037406921, 0.8878002762794495, 0.9258820414543152, 0.9195085167884827, 0.9239625930786133, 0.938408613204956], "val_accuracy": [0.5608000159263611, 0.6171000003814697, 0.6570000052452087, 0.6635000109672546, 0.676800012588501, 0.6970000267028809, 0.6937000155448914, 0.6978999972343445, 0.7009000182151794, 0.7103000283241272, 0.711899995803833, 0.7071999907493591, 0.7049999833106995, 0.7096999883651733, 0.708299994468689, 0.7102000117301941]}