{"loss": [1.6424649953842163, 1.0657896995544434, 0.9729231595993042, 0.8942551016807556, 0.8468102812767029, 0.8171382546424866, 0.7908046245574951, 0.7607057094573975, 0.7400228977203369, 0.7200342416763306, 0.7073500752449036, 0.6874577403068542, 0.6825313568115234, 0.6701672077178955, 0.6525379419326782, 0.6369306445121765, 0.6262936592102051, 0.6277480125427246, 0.6098598837852478, 0.610892653465271, 0.5993120074272156, 0.5920208692550659, 0.5825240015983582, 0.5824186205863953, 0.5635992884635925, 0.5438182353973389, 0.5539296865463257, 0.5414289832115173, 0.5336260795593262, 0.5416725277900696, 0.5246559977531433, 0.5291329026222229, 0.5327898263931274, 0.5223985910415649, 0.5077807903289795], "accuracy": [0.5220749974250793, 0.6475750207901001, 0.6772249937057495, 0.7009000182151794, 0.7193999886512756, 0.7264750003814697, 0.7368249893188477, 0.7419499754905701, 0.7503499984741211, 0.7564499974250793, 0.7641500234603882, 0.7680000066757202, 0.7722749710083008, 0.7749999761581421, 0.7826499938964844, 0.7862250208854675, 0.7896999716758728, 0.7919750213623047, 0.7957000136375427, 0.7945500016212463, 0.7991250157356262, 0.8003749847412109, 0.8039249777793884, 0.8065000176429749, 0.8126749992370605, 0.8151249885559082, 0.8160750269889832, 0.8216249942779541, 0.8206250071525574, 0.8215749859809875, 0.8270999789237976, 0.8255249857902527, 0.8267750144004822, 0.8273749947547913, 0.8331999778747559], "val_loss": [0.8223879933357239, 0.7577834725379944, 0.7360103130340576, 0.7332534193992615, 0.7406914234161377, 0.6574254631996155, 0.6249434351921082, 0.6492858529090881, 0.6318579912185669, 0.6093435883522034, 0.6613737344741821, 0.6399582028388977, 0.6446583867073059, 0.6037060022354126, 0.576924741268158, 0.5941166281700134, 0.596312403678894, 0.5859657526016235, 0.6142688989639282, 0.581373929977417, 0.5954797267913818, 0.614097535610199, 0.5919727087020874, 0.5812098383903503, 0.5683867931365967, 0.5963082313537598, 0.5938597917556763, 0.5850920677185059, 0.5929303169250488, 0.601864755153656, 0.5894302129745483, 0.6203697323799133, 0.6014339327812195, 0.6364312171936035, 0.5987250208854675], "val_accuracy": [0.7631000280380249, 0.7907999753952026, 0.798799991607666, 0.800599992275238, 0.784600019454956, 0.810699999332428, 0.8184999823570251, 0.8109999895095825, 0.8169999718666077, 0.8151000142097473, 0.8130000233650208, 0.7996000051498413, 0.8065999746322632, 0.8131999969482422, 0.8276000022888184, 0.8159999847412109, 0.8195000290870667, 0.8245000243186951, 0.8180999755859375, 0.8205000162124634, 0.8185999989509583, 0.8072999715805054, 0.8209999799728394, 0.8194000124931335, 0.8234000205993652, 0.8187999725341797, 0.8242999911308289, 0.8215000033378601, 0.822700023651123, 0.8169999718666077, 0.8245999813079834, 0.8162000179290771, 0.8216000199317932, 0.8195000290870667, 0.8248999714851379]}