{"loss": [1.8834623098373413, 1.7069287300109863, 1.6212139129638672, 1.5635011196136475, 1.5155946016311646, 1.486933708190918, 1.453121542930603, 1.4149465560913086, 1.3879694938659668, 1.3600045442581177, 1.3287105560302734, 1.2979813814163208, 1.2705219984054565, 1.245081901550293, 1.2251063585281372, 1.1890636682510376, 1.1568706035614014, 1.1281373500823975, 1.1043378114700317], "accuracy": [0.31360000371932983, 0.38499999046325684, 0.4156250059604645, 0.4345250129699707, 0.4546000063419342, 0.4642750024795532, 0.4765999913215637, 0.48965001106262207, 0.49697500467300415, 0.5083249807357788, 0.5209000110626221, 0.5323500037193298, 0.5379499793052673, 0.5467249751091003, 0.5565999746322632, 0.5696750283241272, 0.5762249827384949, 0.5891749858856201, 0.5962250232696533], "val_loss": [1.774169683456421, 1.6333837509155273, 1.6202855110168457, 1.6040327548980713, 1.5489970445632935, 1.5501148700714111, 1.510236382484436, 1.505980134010315, 1.487968921661377, 1.5080779790878296, 1.5063414573669434, 1.580026626586914, 1.5212280750274658, 1.5247198343276978, 1.584678053855896, 1.5483965873718262, 1.5789742469787598, 1.6978853940963745, 1.6543476581573486], "val_accuracy": [0.362199991941452, 0.4133000075817108, 0.41589999198913574, 0.42750000953674316, 0.44110000133514404, 0.44830000400543213, 0.46369999647140503, 0.46790000796318054, 0.4763999879360199, 0.4706000089645386, 0.47769999504089355, 0.45719999074935913, 0.478300005197525, 0.48019999265670776, 0.47049999237060547, 0.48010000586509705, 0.48570001125335693, 0.44699999690055847, 0.47519999742507935]}