{"loss": [1.9300611019134521, 1.7310248613357544, 1.6553391218185425, 1.600767970085144, 1.5473603010177612, 1.514072060585022, 1.4796652793884277, 1.4431073665618896, 1.4196422100067139, 1.389404058456421, 1.3582748174667358, 1.3300862312316895, 1.3043864965438843, 1.2745698690414429, 1.249820351600647, 1.2128764390945435, 1.183579921722412, 1.1405946016311646, 1.1114873886108398], "accuracy": [0.30457499623298645, 0.3723999857902527, 0.40015000104904175, 0.42127498984336853, 0.4396499991416931, 0.45239999890327454, 0.4661250114440918, 0.48202499747276306, 0.4876500070095062, 0.4973750114440918, 0.5085750222206116, 0.5202249884605408, 0.5289000272750854, 0.5354750156402588, 0.5460500121116638, 0.5599250197410583, 0.5684000253677368, 0.5834749937057495, 0.5965999960899353], "val_loss": [1.7703382968902588, 1.6768550872802734, 1.6264981031417847, 1.6466541290283203, 1.5692243576049805, 1.5571208000183105, 1.5655100345611572, 1.5258495807647705, 1.5088330507278442, 1.5450782775878906, 1.5272645950317383, 1.555101990699768, 1.5440385341644287, 1.5632758140563965, 1.609129548072815, 1.6261101961135864, 1.6274340152740479, 1.6529700756072998, 1.7493021488189697], "val_accuracy": [0.35600000619888306, 0.39329999685287476, 0.4156000018119812, 0.40700000524520874, 0.43709999322891235, 0.4431999921798706, 0.4415999948978424, 0.4562000036239624, 0.4713999927043915, 0.45489999651908875, 0.4584999978542328, 0.45649999380111694, 0.46639999747276306, 0.4684000015258789, 0.45680001378059387, 0.4535999894142151, 0.46380001306533813, 0.4537000060081482, 0.44920000433921814]}