{"loss": [12.90943431854248, 3.1388137340545654, 1.4253333806991577, 1.1966168880462646, 1.0908215045928955, 1.0177288055419922, 0.9560871720314026, 0.8974382877349854, 0.9193810224533081, 0.7176782488822937, 0.8046181797981262, 0.7367632389068604, 0.6814029216766357, 0.6897709369659424, 0.6448915004730225], "accuracy": [0.24225865304470062, 0.42167577147483826, 0.5701274871826172, 0.62386155128479, 0.682149350643158, 0.7149362564086914, 0.7076502442359924, 0.7295082211494446, 0.7249544858932495, 0.7969034314155579, 0.7786885499954224, 0.7996357083320618, 0.7850637435913086, 0.812386155128479, 0.8160291314125061], "val_loss": [0.998796820640564, 0.7825363874435425, 0.6832042336463928, 0.5477429628372192, 0.5369499325752258, 0.48991653323173523, 0.4156029522418976, 0.4166404604911804, 0.4711167514324188, 0.396210640668869, 0.39645886421203613, 0.358669638633728, 0.37545305490493774, 0.28843721747398376, 0.39098307490348816], "val_accuracy": [0.6801470518112183, 0.7683823704719543, 0.8051470518112183, 0.8382353186607361, 0.8235294222831726, 0.8602941036224365, 0.8970588445663452, 0.8860294222831726, 0.904411792755127, 0.8786764740943909, 0.9191176295280457, 0.9154411554336548, 0.9007353186607361, 0.9338235259056091, 0.908088207244873]}