{"loss": [2.560781240463257, 2.2887752056121826, 2.1801109313964844, 1.9805846214294434, 1.841802954673767, 1.6625133752822876, 1.468709111213684, 1.1487473249435425, 0.9492246508598328, 0.6684966683387756, 0.5844151377677917, 0.44936972856521606, 0.3856773376464844, 0.33768129348754883, 0.20194900035858154, 0.16296838223934174, 0.15620057284832, 0.14956450462341309], "accuracy": [0.08469945192337036, 0.11293260753154755, 0.187613844871521, 0.2850637435913086, 0.29417121410369873, 0.38069215416908264, 0.4681238532066345, 0.6129326224327087, 0.6839708685874939, 0.7850637435913086, 0.8169398903846741, 0.8670309782028198, 0.8970856070518494, 0.8970856070518494, 0.936247706413269, 0.9562841653823853, 0.9608379006385803, 0.9571949243545532], "val_loss": [2.3009510040283203, 2.2609057426452637, 2.0522396564483643, 1.905425786972046, 1.8281865119934082, 1.7041476964950562, 1.7371318340301514, 1.6791819334030151, 1.8514378070831299, 2.0221662521362305, 1.9769444465637207, 2.222256660461426, 2.502406597137451, 2.0898618698120117, 2.3044581413269043, 2.627612829208374, 2.545849084854126, 2.6068215370178223], "val_accuracy": [0.10294117778539658, 0.14338235557079315, 0.2610294222831726, 0.33088234066963196, 0.2977941036224365, 0.3602941036224365, 0.39338234066963196, 0.40808823704719543, 0.4485294222831726, 0.44117647409439087, 0.4852941036224365, 0.5073529481887817, 0.5073529481887817, 0.4779411852359772, 0.5036764740943909, 0.5, 0.4852941036224365, 0.5036764740943909]}