{"loss": [12.90124797821045, 2.7480149269104004, 1.5799447298049927, 1.1525256633758545, 1.0333272218704224, 0.9640411734580994, 0.9476242661476135, 0.8383707404136658, 0.831501305103302, 0.8400532603263855, 0.7456356883049011, 0.6554338335990906, 0.6128389835357666, 0.6490623950958252, 0.6639907360076904], "accuracy": [0.27595627307891846, 0.4863387942314148, 0.5673952698707581, 0.6484517455101013, 0.6903460621833801, 0.7176684737205505, 0.7213114500045776, 0.750455379486084, 0.7522768378257751, 0.7613843083381653, 0.7814207673072815, 0.8242258429527283, 0.8169398903846741, 0.8078324198722839, 0.8278688788414001], "val_loss": [1.029994249343872, 0.608915388584137, 0.4577755630016327, 0.45848652720451355, 0.4533717930316925, 0.4020853340625763, 0.3867439925670624, 0.2941286265850067, 0.3371870815753937, 0.37937596440315247, 0.28561559319496155, 0.30212244391441345, 0.2828790247440338, 0.3461637794971466, 0.3619703948497772], "val_accuracy": [0.7132353186607361, 0.7977941036224365, 0.8823529481887817, 0.8676470518112183, 0.8639705777168274, 0.8823529481887817, 0.8786764740943909, 0.8933823704719543, 0.8860294222831726, 0.904411792755127, 0.9191176295280457, 0.9154411554336548, 0.9264705777168274, 0.8823529481887817, 0.9154411554336548]}