{"loss": [2.7109642028808594, 2.3060286045074463, 2.300253391265869, 2.253732681274414, 2.168020725250244, 2.0675923824310303, 1.9444618225097656, 1.8505371809005737, 1.8589226007461548, 1.715131402015686, 1.7247394323349, 1.6998236179351807, 1.616774320602417, 1.5757583379745483, 1.5665208101272583, 1.5297678709030151, 1.5332534313201904, 1.4280483722686768, 1.460241436958313, 1.4904820919036865, 1.4569035768508911, 1.3877840042114258, 1.3823643922805786, 1.3690857887268066, 1.3975067138671875, 1.3308184146881104, 1.347568154335022, 1.3588135242462158, 1.3132988214492798, 1.304860234260559, 1.3181676864624023, 1.287879467010498, 1.281052589416504, 1.3105700016021729, 1.2324738502502441, 1.2515316009521484, 1.2069413661956787, 1.2016677856445312, 1.1590602397918701, 1.1977194547653198, 1.208403468132019, 1.1336826086044312, 1.1900829076766968, 1.1016398668289185, 1.136858344078064, 1.0739173889160156, 1.0941590070724487, 1.0470019578933716, 1.1317129135131836, 1.066324234008789, 1.0407437086105347, 1.0568145513534546, 1.010711431503296, 1.0707770586013794, 1.1273635625839233, 0.9830127954483032, 1.0090305805206299, 0.9710936546325684, 0.9200088977813721, 0.9714513421058655, 1.0458804368972778, 1.0204886198043823, 0.9324084520339966, 0.9076935052871704, 0.8739913105964661, 0.8913112878799438, 0.8215048313140869, 0.8689439296722412, 0.8591118454933167, 0.8820962309837341, 0.7885444164276123, 0.8329115509986877, 0.8482771515846252, 0.8406868577003479, 0.8343532681465149, 0.7290478944778442, 0.7702798843383789, 0.733363151550293, 0.6934331655502319, 0.8309464454650879, 0.7432512640953064, 0.7696296572685242, 0.7159943580627441, 0.6580919027328491, 0.7033984065055847], "accuracy": [0.08469945192337036, 0.10018214583396912, 0.12295082211494446, 0.15209472179412842, 0.1912568360567093, 0.23132969439029694, 0.26867032051086426, 0.3014571964740753, 0.2959927022457123, 0.340619295835495, 0.33515483140945435, 0.3506375253200531, 0.3861566483974457, 0.40072858333587646, 0.40528231859207153, 0.42896175384521484, 0.40528231859207153, 0.4508196711540222, 0.4298724830150604, 0.43169400095939636, 0.45264115929603577, 0.4754098355770111, 0.4590163826942444, 0.4754098355770111, 0.4790528118610382, 0.4963570237159729, 0.4836065471172333, 0.4653916358947754, 0.500910758972168, 0.4899817705154419, 0.49817851185798645, 0.5218579173088074, 0.49908924102783203, 0.5036429762840271, 0.5154827237129211, 0.5364298820495605, 0.5473588109016418, 0.5491803288459778, 0.5664845108985901, 0.5655737519264221, 0.5528233051300049, 0.5710382461547852, 0.5692167282104492, 0.5983606576919556, 0.5910747051239014, 0.6029143929481506, 0.5910747051239014, 0.5983606576919556, 0.5828779339790344, 0.6156648397445679, 0.6293260455131531, 0.6320582628250122, 0.62386155128479, 0.618397057056427, 0.6001821756362915, 0.6420764923095703, 0.6338797807693481, 0.6429872512817383, 0.6648451685905457, 0.6420764923095703, 0.624772310256958, 0.6147540807723999, 0.6657559275627136, 0.6639344096183777, 0.693078339099884, 0.6794171333312988, 0.6921675801277161, 0.6912568211555481, 0.6985428333282471, 0.6894353628158569, 0.7231329679489136, 0.7040072679519653, 0.6848816275596619, 0.7003642916679382, 0.7231329679489136, 0.7540983557701111, 0.7295082211494446, 0.7313296794891357, 0.7613843083381653, 0.7122039794921875, 0.7331511974334717, 0.7240437269210815, 0.755919873714447, 0.7695810794830322, 0.7586520910263062], "val_loss": [2.299989700317383, 2.3020052909851074, 2.291415214538574, 2.1812891960144043, 2.1103222370147705, 1.8506295680999756, 1.7155009508132935, 1.7069625854492188, 1.6504632234573364, 1.6001290082931519, 1.5362746715545654, 1.4847404956817627, 1.4286874532699585, 1.561254620552063, 1.4858803749084473, 1.5243797302246094, 1.4593596458435059, 1.4272230863571167, 1.4152978658676147, 1.31657874584198, 1.3142305612564087, 1.3619450330734253, 1.378467321395874, 1.4183436632156372, 1.2943247556686401, 1.234726905822754, 1.3704042434692383, 1.4094281196594238, 1.3367444276809692, 1.3948558568954468, 1.1883041858673096, 1.2262839078903198, 1.1640609502792358, 1.1859862804412842, 1.1679103374481201, 1.181658148765564, 1.1371490955352783, 1.1205805540084839, 1.3065862655639648, 1.1115326881408691, 1.1253902912139893, 1.1333109140396118, 1.123514175415039, 1.2261954545974731, 1.0557397603988647, 1.0471811294555664, 1.0582045316696167, 1.013532042503357, 1.0959396362304688, 1.037692904472351, 1.0501042604446411, 1.0219688415527344, 1.0120983123779297, 1.0867611169815063, 0.9989119172096252, 0.9186962842941284, 0.9683359861373901, 0.9821643829345703, 1.030255913734436, 1.0025341510772705, 1.0727643966674805, 0.9853165745735168, 1.0295264720916748, 0.9105161428451538, 0.8516641855239868, 0.9551932215690613, 0.9268906116485596, 0.9390501976013184, 0.9321630001068115, 0.9609798192977905, 0.9153435826301575, 0.8492836952209473, 0.9056348204612732, 0.9031275510787964, 0.8360549807548523, 0.9018408060073853, 0.9045754671096802, 0.873441755771637, 0.9479526281356812, 0.8792694211006165, 0.9189644455909729, 0.8594455718994141, 0.9096168875694275, 0.861823320388794, 0.8681259751319885], "val_accuracy": [0.11029411852359772, 0.11029411852359772, 0.1507352888584137, 0.22058823704719543, 0.1764705926179886, 0.33088234066963196, 0.34191176295280457, 0.3125, 0.38235294818878174, 0.3970588147640228, 0.4007352888584137, 0.4522058963775635, 0.45588234066963196, 0.40441176295280457, 0.40808823704719543, 0.43014705181121826, 0.4632352888584137, 0.4485294222831726, 0.4889705777168274, 0.529411792755127, 0.5477941036224365, 0.5073529481887817, 0.5036764740943909, 0.46691176295280457, 0.5073529481887817, 0.5514705777168274, 0.5183823704719543, 0.5220588445663452, 0.5257353186607361, 0.5551470518112183, 0.5992646813392639, 0.5882353186607361, 0.591911792755127, 0.6102941036224365, 0.5625, 0.5441176295280457, 0.6286764740943909, 0.6139705777168274, 0.5882353186607361, 0.625, 0.6176470518112183, 0.6360294222831726, 0.6286764740943909, 0.5698529481887817, 0.6433823704719543, 0.6838235259056091, 0.6507353186607361, 0.6691176295280457, 0.6764705777168274, 0.6433823704719543, 0.654411792755127, 0.6727941036224365, 0.6875, 0.6323529481887817, 0.6654411554336548, 0.6911764740943909, 0.654411792755127, 0.6838235259056091, 0.6838235259056091, 0.658088207244873, 0.6470588445663452, 0.6470588445663452, 0.658088207244873, 0.7022058963775635, 0.7022058963775635, 0.6507353186607361, 0.7022058963775635, 0.7022058963775635, 0.6948529481887817, 0.6801470518112183, 0.716911792755127, 0.7058823704719543, 0.7132353186607361, 0.7095588445663452, 0.720588207244873, 0.7058823704719543, 0.7279411554336548, 0.7242646813392639, 0.6801470518112183, 0.6948529481887817, 0.720588207244873, 0.716911792755127, 0.7095588445663452, 0.7316176295280457, 0.7352941036224365]}