{"loss": [1.0344362258911133, 0.2967514395713806, 0.22946758568286896, 0.17908693850040436, 0.16928638517856598, 0.16000039875507355, 0.1309097856283188, 0.13921263813972473, 0.13429667055606842, 0.11509636044502258, 0.11202000826597214, 0.08720812201499939, 0.1029011681675911, 0.08490415662527084, 0.10315289348363876, 0.0856083557009697, 0.06865102052688599, 0.08411325514316559, 0.07579116523265839, 0.0831165611743927, 0.05987413227558136, 0.07196163386106491, 0.07006445527076721, 0.07099273800849915, 0.051650479435920715, 0.06794500350952148, 0.06967536360025406, 0.060677554458379745, 0.04920756816864014, 0.06214071810245514, 0.04710977151989937, 0.060563091188669205, 0.05734856054186821, 0.05751132592558861, 0.04979083687067032, 0.05898316204547882, 0.06257662177085876, 0.05524422973394394, 0.07102760672569275, 0.07008331269025803, 0.05488409101963043, 0.043445147573947906, 0.03600495681166649], "accuracy": [0.693989098072052, 0.9189435243606567, 0.9326047301292419, 0.9562841653823853, 0.9526411890983582, 0.9535518884658813, 0.9644808769226074, 0.9562841653823853, 0.9535518884658813, 0.9681238532066345, 0.9626593589782715, 0.9744991064071655, 0.9635701179504395, 0.9781420826911926, 0.9617486596107483, 0.9763205647468567, 0.9826958179473877, 0.9708561301231384, 0.9772313237190247, 0.9726775884628296, 0.9836065769195557, 0.9799635410308838, 0.9799635410308838, 0.9790528416633606, 0.9836065769195557, 0.9744991064071655, 0.9817850589752197, 0.9817850589752197, 0.9845172762870789, 0.9817850589752197, 0.9854280352592468, 0.9799635410308838, 0.9817850589752197, 0.9836065769195557, 0.9799635410308838, 0.9836065769195557, 0.9845172762870789, 0.9845172762870789, 0.9754098653793335, 0.9735883474349976, 0.9817850589752197, 0.9872495532035828, 0.9872495532035828], "val_loss": [0.3297060430049896, 0.26792940497398376, 0.24440962076187134, 0.201226145029068, 0.2005717158317566, 0.2278306931257248, 0.1528143286705017, 0.14309348165988922, 0.19444912672042847, 0.15398769080638885, 0.15985356271266937, 0.15202447772026062, 0.1727599948644638, 0.14053362607955933, 0.2428554892539978, 0.146322101354599, 0.18405215442180634, 0.19272707402706146, 0.13100159168243408, 0.13848836719989777, 0.2044791281223297, 0.14478160440921783, 0.1606898158788681, 0.14622019231319427, 0.12412886321544647, 0.15882855653762817, 0.1272117644548416, 0.11302916705608368, 0.1332695335149765, 0.15039567649364471, 0.1451445072889328, 0.11188840866088867, 0.09142986685037613, 0.0995449423789978, 0.10972541570663452, 0.1478579193353653, 0.14589239656925201, 0.1530800461769104, 0.12834244966506958, 0.13326075673103333, 0.15347920358181, 0.14093410968780518, 0.12040215730667114], "val_accuracy": [0.9227941036224365, 0.9301470518112183, 0.9301470518112183, 0.9301470518112183, 0.9485294222831726, 0.9338235259056091, 0.9485294222831726, 0.966911792755127, 0.9448529481887817, 0.9485294222831726, 0.9595588445663452, 0.966911792755127, 0.9301470518112183, 0.9522058963775635, 0.9301470518112183, 0.9522058963775635, 0.9485294222831726, 0.9411764740943909, 0.9632353186607361, 0.9595588445663452, 0.9117646813392639, 0.9522058963775635, 0.9485294222831726, 0.9485294222831726, 0.9558823704719543, 0.9522058963775635, 0.9558823704719543, 0.9595588445663452, 0.9595588445663452, 0.9485294222831726, 0.970588207244873, 0.9558823704719543, 0.9632353186607361, 0.9632353186607361, 0.9522058963775635, 0.9485294222831726, 0.966911792755127, 0.9448529481887817, 0.9522058963775635, 0.966911792755127, 0.9522058963775635, 0.9632353186607361, 0.966911792755127]}