{"loss": [13.015440940856934, 3.4191184043884277, 1.5607008934020996, 1.3978992700576782, 1.1733931303024292, 0.9659378528594971, 0.9814574122428894, 0.9032186269760132, 0.8419939875602722, 0.7350974678993225, 0.7245340347290039, 0.6564361453056335, 0.6950932741165161, 0.5917052030563354, 0.6280890703201294, 0.6825457811355591, 0.6623794436454773, 0.634691059589386, 0.6025083065032959, 0.6716002821922302, 0.6156971454620361, 0.6280933618545532, 0.5851811766624451, 0.4929312765598297, 0.4791407585144043, 0.5084154009819031, 0.5797823667526245, 0.5118451118469238, 0.59788578748703, 0.563370406627655, 0.500866711139679, 0.5456043481826782, 0.5379342436790466, 0.5078014731407166, 0.5194211602210999, 0.4550136923789978, 0.49863505363464355, 0.5381841063499451, 0.43572309613227844, 0.5643830895423889, 0.5052090287208557], "accuracy": [0.23679417371749878, 0.45355191826820374, 0.5792349576950073, 0.62386155128479, 0.6566484570503235, 0.7112932801246643, 0.7076502442359924, 0.7577413320541382, 0.750455379486084, 0.7750455141067505, 0.7969034314155579, 0.81876140832901, 0.8005464673042297, 0.8287795782089233, 0.8260473608970642, 0.8078324198722839, 0.8105646371841431, 0.811475396156311, 0.8233151435852051, 0.8233151435852051, 0.8351548314094543, 0.8224043846130371, 0.8424407839775085, 0.8679417371749878, 0.874316930770874, 0.8579235076904297, 0.8506374955177307, 0.8670309782028198, 0.8387978076934814, 0.8324226140975952, 0.8515482544898987, 0.8597449660301208, 0.8415300250053406, 0.8597449660301208, 0.8652094602584839, 0.8843351602554321, 0.8679417371749878, 0.8579235076904297, 0.8825136423110962, 0.8642987012863159, 0.8788706660270691], "val_loss": [1.2947601079940796, 0.7580131888389587, 0.4973309338092804, 0.47805893421173096, 0.466061532497406, 0.3604440987110138, 0.3959687650203705, 0.3132738173007965, 0.32501527667045593, 0.2706207036972046, 0.3628233075141907, 0.38956889510154724, 0.3028997480869293, 0.3103465139865875, 0.3452751338481903, 0.2969001233577728, 0.2793111503124237, 0.32254302501678467, 0.258747398853302, 0.3551325500011444, 0.3379161059856415, 0.27689632773399353, 0.291840523481369, 0.2623034715652466, 0.3195270895957947, 0.21280743181705475, 0.2463287115097046, 0.24789485335350037, 0.3027893006801605, 0.2576023042201996, 0.1846369355916977, 0.2513687014579773, 0.27441418170928955, 0.3358112871646881, 0.23998749256134033, 0.25905826687812805, 0.2666126489639282, 0.31900012493133545, 0.3090418875217438, 0.2815704047679901, 0.24097947776317596], "val_accuracy": [0.658088207244873, 0.7536764740943909, 0.845588207244873, 0.8602941036224365, 0.8786764740943909, 0.8860294222831726, 0.8970588445663452, 0.908088207244873, 0.908088207244873, 0.9191176295280457, 0.904411792755127, 0.8860294222831726, 0.9117646813392639, 0.908088207244873, 0.9117646813392639, 0.908088207244873, 0.9264705777168274, 0.904411792755127, 0.9227941036224365, 0.9338235259056091, 0.8970588445663452, 0.9191176295280457, 0.9191176295280457, 0.9154411554336548, 0.9117646813392639, 0.9375, 0.9375, 0.9338235259056091, 0.9154411554336548, 0.9227941036224365, 0.9411764740943909, 0.9264705777168274, 0.9301470518112183, 0.9007353186607361, 0.9411764740943909, 0.9301470518112183, 0.9338235259056091, 0.9227941036224365, 0.9227941036224365, 0.908088207244873, 0.9411764740943909]}