{"loss": [1.6912057399749756, 1.5243505239486694, 1.4050226211547852, 1.1790454387664795, 1.269606113433838, 0.8725671768188477, 0.6756208539009094, 0.6471779346466064, 0.4893237352371216, 0.5700423717498779, 0.5510935187339783, 0.4710695147514343, 0.4024239480495453, 0.4285520017147064, 0.3535889983177185, 0.2977615296840668, 0.4328448474407196, 0.34057819843292236, 0.24582837522029877, 0.31403598189353943, 0.29908254742622375, 0.24661004543304443, 0.2080581784248352, 0.2507128119468689, 0.2591613531112671, 0.1728905886411667, 0.18272030353546143, 0.2099817991256714, 0.22005358338356018, 0.23756547272205353, 0.20883895456790924, 0.2574600875377655], "accuracy": [0.4781420826911926, 0.5163934230804443, 0.5664845108985901, 0.6511839628219604, 0.6475409865379333, 0.7632058262825012, 0.8306010961532593, 0.8524590134620667, 0.881602942943573, 0.8779599070549011, 0.8551912307739258, 0.8706739544868469, 0.9061930775642395, 0.9034608602523804, 0.9289617538452148, 0.9216758012771606, 0.8989071249961853, 0.9216758012771606, 0.9417122006416321, 0.9408014416694641, 0.9253187775611877, 0.9417122006416321, 0.9553734064102173, 0.9398906826972961, 0.9453551769256592, 0.9535518884658813, 0.9617486596107483, 0.9544626474380493, 0.9499089121818542, 0.9471766948699951, 0.9581056237220764, 0.9526411890983582], "val_loss": [12.274916648864746, 4.824115753173828, 6.739765167236328, 1.496454119682312, 0.82493656873703, 0.8149112462997437, 0.9345121383666992, 0.8384868502616882, 0.5842330455780029, 0.7806264162063599, 1.0540580749511719, 1.2930588722229004, 0.35630011558532715, 0.396767795085907, 0.2573911249637604, 0.3294834792613983, 0.7840179800987244, 0.19260331988334656, 0.2688203454017639, 0.5477816462516785, 0.6583724021911621, 0.15762749314308167, 0.3509261906147003, 0.391918420791626, 0.33059531450271606, 0.44915327429771423, 0.2632930874824524, 0.2521955966949463, 0.5840626358985901, 1.0420857667922974, 0.21480026841163635, 0.309856653213501], "val_accuracy": [0.1617647111415863, 0.27941176295280457, 0.4375, 0.6985294222831726, 0.7941176295280457, 0.8492646813392639, 0.7904411554336548, 0.7977941036224365, 0.845588207244873, 0.7757353186607361, 0.8235294222831726, 0.7941176295280457, 0.9154411554336548, 0.9117646813392639, 0.9411764740943909, 0.9264705777168274, 0.841911792755127, 0.9558823704719543, 0.9301470518112183, 0.8786764740943909, 0.8639705777168274, 0.966911792755127, 0.9227941036224365, 0.9154411554336548, 0.9227941036224365, 0.908088207244873, 0.9375, 0.9411764740943909, 0.9117646813392639, 0.8676470518112183, 0.9448529481887817, 0.9227941036224365]}