{"loss": [0.96341872215271, 0.2970343232154846, 0.23265138268470764, 0.19974930584430695, 0.19363991916179657, 0.1526574343442917, 0.13747148215770721, 0.13524897396564484, 0.13775339722633362, 0.11689353734254837], "accuracy": [0.7258651852607727, 0.9171220660209656, 0.931693971157074, 0.943533718585968, 0.9408014416694641, 0.9544626474380493, 0.9626593589782715, 0.9626593589782715, 0.9599271416664124, 0.9653916358947754], "val_loss": [0.34342217445373535, 0.29929280281066895, 0.23859237134456635, 0.21580801904201508, 0.24086534976959229, 0.21204286813735962, 0.16434848308563232, 0.15105360746383667, 0.1831897646188736, 0.22187447547912598], "val_accuracy": [0.9227941036224365, 0.9007353186607361, 0.9264705777168274, 0.9301470518112183, 0.9117646813392639, 0.9264705777168274, 0.9522058963775635, 0.9522058963775635, 0.9595588445663452, 0.9191176295280457]}