{"loss": [2.3070709705352783, 2.1794910430908203, 2.0979390144348145, 2.0214147567749023, 1.958186388015747, 1.899641752243042, 1.8436167240142822, 1.7950459718704224, 1.7595967054367065, 1.714882731437683, 1.6773031949996948, 1.6511855125427246, 1.616490125656128, 1.6032129526138306, 1.558974027633667, 1.5322567224502563, 1.5226914882659912, 1.4836478233337402, 1.4711647033691406, 1.4543163776397705, 1.427990198135376, 1.4143630266189575, 1.3940612077713013, 1.380519986152649, 1.3709131479263306, 1.3510020971298218, 1.3269379138946533, 1.3354073762893677, 1.3062938451766968, 1.2881501913070679, 1.2807228565216064, 1.2609325647354126, 1.2565126419067383, 1.2525264024734497, 1.223089337348938, 1.2228336334228516, 1.2117640972137451, 1.2032907009124756, 1.1997203826904297, 1.1733825206756592, 1.1778674125671387, 1.1554465293884277, 1.1636303663253784, 1.1309576034545898, 1.1164132356643677, 1.1286687850952148, 1.0928763151168823, 1.117612361907959, 1.083347201347351, 1.0862590074539185], "accuracy": [0.15209472179412842, 0.24408014118671417, 0.28597450256347656, 0.3788706660270691, 0.437158465385437, 0.41165757179260254, 0.46265938878059387, 0.49180328845977783, 0.5136612057685852, 0.5163934230804443, 0.5391620993614197, 0.5391620993614197, 0.5446265935897827, 0.5391620993614197, 0.5701274871826172, 0.5874316692352295, 0.5801457166671753, 0.5910747051239014, 0.6020036339759827, 0.5892531871795654, 0.5947176814079285, 0.6010928750038147, 0.6229507923126221, 0.618397057056427, 0.6165755987167358, 0.6293260455131531, 0.618397057056427, 0.6202185750007629, 0.6347905397415161, 0.6457194685935974, 0.6602914333343506, 0.6402550339698792, 0.6375227570533752, 0.6493625044822693, 0.6530054807662964, 0.6502732038497925, 0.6602914333343506, 0.6630236506462097, 0.6648451685905457, 0.6785063743591309, 0.6757741570472717, 0.6712204217910767, 0.6748633980751038, 0.6794171333312988, 0.682149350643158, 0.6748633980751038, 0.6985428333282471, 0.693078339099884, 0.6894353628158569, 0.6839708685874939], "val_loss": [2.2200095653533936, 2.130678653717041, 2.0606727600097656, 1.9893630743026733, 1.9494211673736572, 1.8821330070495605, 1.8368970155715942, 1.787856101989746, 1.7615102529525757, 1.7229185104370117, 1.7097396850585938, 1.666265606880188, 1.6351957321166992, 1.6076728105545044, 1.5903478860855103, 1.54067063331604, 1.574376106262207, 1.4982470273971558, 1.5109812021255493, 1.4671986103057861, 1.4679189920425415, 1.4380418062210083, 1.419330358505249, 1.3927369117736816, 1.3979750871658325, 1.3688359260559082, 1.356502652168274, 1.3526297807693481, 1.3518739938735962, 1.3243169784545898, 1.364941120147705, 1.3062881231307983, 1.3215322494506836, 1.3068002462387085, 1.3164408206939697, 1.3065690994262695, 1.2621774673461914, 1.2994623184204102, 1.276909589767456, 1.233426809310913, 1.2382194995880127, 1.2080278396606445, 1.207495093345642, 1.2207870483398438, 1.1728953123092651, 1.207862138748169, 1.1912567615509033, 1.1841752529144287, 1.197829246520996, 1.155120849609375], "val_accuracy": [0.20955882966518402, 0.2977941036224365, 0.44117647409439087, 0.3970588147640228, 0.3529411852359772, 0.4227941036224365, 0.4889705777168274, 0.5073529481887817, 0.49264705181121826, 0.5735294222831726, 0.5257353186607361, 0.533088207244873, 0.5477941036224365, 0.5514705777168274, 0.5882353186607361, 0.5735294222831726, 0.5808823704719543, 0.5772058963775635, 0.595588207244873, 0.6102941036224365, 0.6029411554336548, 0.6323529481887817, 0.6286764740943909, 0.6507353186607361, 0.6507353186607361, 0.625, 0.6213235259056091, 0.6102941036224365, 0.625, 0.6176470518112183, 0.591911792755127, 0.6102941036224365, 0.5992646813392639, 0.6066176295280457, 0.6176470518112183, 0.6470588445663452, 0.625, 0.625, 0.6213235259056091, 0.6397058963775635, 0.6654411554336548, 0.6433823704719543, 0.6213235259056091, 0.6507353186607361, 0.6433823704719543, 0.625, 0.6433823704719543, 0.6323529481887817, 0.6470588445663452, 0.6470588445663452]}