{"loss": [0.38110414147377014, 0.1898479014635086, 0.21130001544952393, 0.17337216436862946, 0.08914124965667725, 0.08120410889387131, 0.06433221697807312, 0.037695497274398804, 0.04493577033281326, 0.03068249672651291, 0.020981427282094955, 0.02067757584154606, 0.021078819409012794, 0.0346078984439373, 0.032443489879369736, 0.015855558216571808, 0.022833939641714096, 0.013852403499186039], "accuracy": [0.8925318717956543, 0.9471766948699951, 0.9271402359008789, 0.9471766948699951, 0.9708561301231384, 0.9744991064071655, 0.9808743000030518, 0.9890710115432739, 0.9863387942314148, 0.9899817705154419, 0.9918032884597778, 0.994535505771637, 0.993624746799469, 0.9881603121757507, 0.9899817705154419, 0.994535505771637, 0.9908925294876099, 0.9954462647438049], "val_loss": [1.1369248628616333, 0.6079684495925903, 0.8279847502708435, 0.5847970843315125, 0.932942807674408, 0.37483322620391846, 0.1350450962781906, 0.10375647991895676, 0.1248822808265686, 0.14644835889339447, 0.11050087213516235, 0.1551537811756134, 0.18385988473892212, 0.24379217624664307, 0.10620024800300598, 0.1504642367362976, 0.12006872892379761, 0.1385408490896225], "val_accuracy": [0.75, 0.8272058963775635, 0.8125, 0.8382353186607361, 0.7904411554336548, 0.9154411554336548, 0.9485294222831726, 0.9595588445663452, 0.966911792755127, 0.9558823704719543, 0.9632353186607361, 0.9595588445663452, 0.9485294222831726, 0.9411764740943909, 0.9742646813392639, 0.9485294222831726, 0.970588207244873, 0.966911792755127]}