{"loss": [1.3022217750549316, 1.422155499458313, 1.2828834056854248, 1.290388822555542, 1.587480068206787, 1.2096233367919922, 1.0913357734680176, 0.8734580874443054, 1.1513172388076782, 0.8889772891998291, 0.8134871125221252, 0.8165988326072693, 0.611355185508728, 0.661442220211029, 0.9192237257957458, 0.6694759726524353, 0.7356545925140381, 0.5391083359718323, 0.4820789098739624], "accuracy": [0.6347905397415161, 0.5728597640991211, 0.6338797807693481, 0.6539162397384644, 0.5491803288459778, 0.6102003455162048, 0.6748633980751038, 0.7304189205169678, 0.7367941737174988, 0.755009114742279, 0.7668488025665283, 0.7568305730819702, 0.8369763493537903, 0.8533697724342346, 0.7659380435943604, 0.8233151435852051, 0.8306010961532593, 0.8633880019187927, 0.8724954724311829], "val_loss": [26.10821533203125, 3.54097318649292, 3.406813859939575, 183.8614501953125, 84.24565887451172, 2.696427822113037, 0.9119187593460083, 0.9262980818748474, 0.6637555956840515, 2.4175491333007812, 3.32517671585083, 3.581371307373047, 0.8521599769592285, 0.8965890407562256, 2.0764341354370117, 1.0801972150802612, 0.7347561120986938, 1.955737590789795, 1.1415811777114868], "val_accuracy": [0.2757352888584137, 0.4742647111415863, 0.591911792755127, 0.16544117033481598, 0.31985294818878174, 0.6397058963775635, 0.7683823704719543, 0.7647058963775635, 0.8345588445663452, 0.36764705181121826, 0.5036764740943909, 0.6691176295280457, 0.841911792755127, 0.7389705777168274, 0.6029411554336548, 0.7757353186607361, 0.7977941036224365, 0.7352941036224365, 0.6029411554336548]}